"thumbs/AMAZING STORIES_thumb.jpg","AMAZING STORIES.jpg"
"thumbs/ANYONE BUT YOU_thumb.jpg","ANYONE BUT YOU.jpg"
"thumbs/AVATAR THE WAY OF WATER_thumb.jpg","AVATAR THE WAY OF WATER.jpg"
"thumbs/AVATAR_thumb.jpg","AVATAR.jpg"
"thumbs/BATMAN V SUPERMAN_thumb.jpg","BATMAN V SUPERMAN.jpg"
"thumbs/BLACK BIRD_thumb.jpg","BLACK BIRD.jpg"
"thumbs/DEFENDING JACOB_thumb.jpg","DEFENDING JACOB.jpg"
"thumbs/FOR ALL MANKIND_thumb.jpg","FOR ALL MANKIND.jpg"
"thumbs/FOUNDATION_thumb.jpg","FOUNDATION.jpg"
"thumbs/FURIOSA_thumb.jpg","FURIOSA.jpg"
"thumbs/HOME BEFORE DARK_thumb.jpg","HOME BEFORE DARK.jpg"
"thumbs/INVASION_thumb.jpg","INVASION.jpg"
"thumbs/LISEYS STORY_thumb.jpg","LISEYS STORY.jpg"
"thumbs/LITTLE VOICE_thumb.jpg","LITTLE VOICE.jpg"
"thumbs/MAD MAX FURY ROAD_thumb.jpg","MAD MAX FURY ROAD.jpg"
"thumbs/MAN OF STEEL_thumb.jpg","MAN OF STEEL.jpg"
"thumbs/OPPENHEIMER_thumb.jpg","OPPENHEIMER.jpg"
"thumbs/PACHINKO_thumb.jpg","PACHINKO.jpg"
"thumbs/RA ONE_thumb.jpg","RA ONE.jpg"
"thumbs/ROAR_thumb.jpg","ROAR.jpg"
"thumbs/SEE_thumb.jpg","SEE.jpg"
"thumbs/SERVANT_thumb.jpg","SERVANT.jpg"
"thumbs/SEVERANCE_thumb.jpg","SEVERANCE.jpg"
"thumbs/SHINING GIRLS_thumb.jpg","SHINING GIRLS.jpg"
"thumbs/SLOW HORSES_thumb.jpg","SLOW HORSES.jpg"
"thumbs/SURFACE_thumb.jpg","SURFACE.jpg"
"thumbs/SUSPICION_thumb.jpg","SUSPICION.jpg"
"thumbs/SWAGGER_thumb.jpg","SWAGGER.jpg"
"thumbs/THE ESSEX SERPANT_thumb.jpg","THE ESSEX SERPANT.jpg"
"thumbs/THE LAST DAYS OF PTOLEMY GREY_thumb.jpg","THE LAST DAYS OF PTOLEMY GREY.jpg"
"thumbs/THE MENU_thumb.jpg","THE MENU.jpg"
"thumbs/THE MORNING SHOW_thumb.jpg","THE MORNING SHOW.jpg"
"thumbs/THE MOSQUITO COAST_thumb.jpg","THE MOSQUITO COAST.jpg"
"thumbs/THE QUEENS GAMBIT_thumb.jpg","THE QUEENS GAMBIT.jpg"
"thumbs/THE SHRINK NEXT DOOR_thumb.jpg","THE SHRINK NEXT DOOR.jpg"
"thumbs/TRUTH BE TOLD_thumb.jpg","TRUTH BE TOLD.jpg"
"thumbs/WE CRASHED_thumb.jpg","WE CRASHED.jpg"
"thumbs/am_thumb.jpg","am.jpg"
"thumbs/ama_thumb.jpg","ama.jpg"
"thumbs/img_1604_thumb.jpg","img_1604.JPG"
"thumbs/killer_thumb.jpg","killer.png"
"thumbs/proba_thumb.jpg","proba.jpg"
"thumbs/qrcode_thumb.jpg","qrcode.png"
