#,Movie,Ratio
1,Dhoom 3 (2D),2.39:1
2,Bang Bang (2D),2.39:1
3,Baahubali 2: The Conclusion (2D 4K),1.90:1
4,Padmaavat (3D),2.39:1
5,Gold (2D),2.39:1
6,Thugs of Hindostan (2D),2.39:1
7,Saaho (2D 4K),1.90:1
8,2.0 (3D),2.39:1
9,RRR (3D & 2D 4K),1.90:1
10,K.G.F: Chapter 2 (2D 4K),2.39:1
11,Shamshera (2D),2.39:1
12,Laal Singh Chaddha (2D 4K),2.39:1
13,Brahmāstra - Part One: Shiva (3D & 2D),2.39:1
14,Ponniyin Selvan: Part I (2D 4K),2.39:1
15,Pathaan (2D),2.39:1
16,Bholaa (3D & 2D),2.39:1
17,Ponniyin Selvan: Part II (2D 4K),2.39:1
18,Simhadri (2D 4K),2.39:1
19,Jawan (2D 4K),2.39:1
20,Leo (2D 4K),2.39:1
21,Tiger 3 (2D),2.39:1
22,Animal (2D 4K),2.39:1
23,Salaar (2D 4K),2.39:1
24,Captain Miller (2D 4K),2.39:1
25,Fighter (3D & 2D),2.39:1
26,Maidaan (2D),2.39:1
27,Bade Miyan Chote Miyan (3D & 2D),2.39:1
28,Kalki 2898 AD (2D 4K),2.39:1
29,Indian 2 (2D 4K),2.39:1
30,The Greatest Of All Time (2D 4K),2.39:1
31,Devara (2D 4K),1.90:1 & 2.39:1
32,Singham Again (2D 4K),2.39:1
33,Pushpa 2: The Rule (2D 4K),2.39:1
34,Game Changer (2D 4K),2.39:1
35,Sky Force (2D),2.39:1
36,Chhaava (2D),2.39:1
37,L2 Empuraan (2D 4K),2.80:1
38,Sikandar (2D 4K),2.39:1
39,Thug Life (2D 4K),2.39:1
40,War 2 (2D),2.39:1
41,Kantara: A Legend Chapter-1 (2D 4K),1.90:1 & 2.39:1
42,Thamma (2D),2.39:1
43,Baahubali: The Epic (2D 4K),1.90:1
44,Dhurandhar (2D),2.39:1
45,Border 2 (2D),2.39:1
46,Dhurandhar: The Revenge (2D 4K),2.39:1
47,Peddi (2D 4K),1.90:1 & 2.39:1
48,Toxic (2D 4K),1.90:1
49,Mandaadi (2D 4K),1.90:1
50,Drishyam 3 (2D 4K),2.39:1
51,Jailer 2 (2D 4K),1.90:1
52,Namit Malhotra's Ramayana (3D & 2D 4K),1.90:1
53,King (2D),2.39:1
54,Mahakali (2D 4K),1.90:1
55,Love And War (2D),2.39:1
56,SVC63 (2D),2.39:1
57,Vāranāsi (3D & 2D 4K),1.43:1 & 1.90:1
57,Vāranāsi (3D & 2D 4K),1.90:1
